Id,CreatedAt,Title,PriceAmount,PriceCurrency,AuthorId,State,ImageCount,CurrentStockQuantity,PublicData,PrivateData,Metadata
68c38751-a904-46ed-80c6-689154ffb8bd,2025-09-12T02:37:05Z,Prototal Denmark – Industrial 3D Printing Service,,,689e48bb-b5fd-47a3-a809-a12d33e388cb,published,1,,"{""TechnologyID"": [""fdm"", ""material-jetting"", ""mjf"", ""sla"", ""sls"", ""saf""], ""affiliatelinkid"": ""https://prototal.dk"", ""categoryLevel1"": ""europe"", ""listingType"": ""free-listing"", ""location"": {""address"": ""Kuldyssen 6 B, 2630 Taastrup, Denmark"", ""building"": "" ""}, ""thermoplasticid"": [""polypropylene-mjf"", ""photopolymer-rigid"", ""petg"", ""pc-or-pc-abs"", ""pc"", ""pa11-sls"", ""pa-12-carbon-filled"", ""nylon-pa-12"", ""nylon-12-mineral-filled-hst"", ""nylon-12-glass-bead-filled-gf"", ""nylon-12-flame-retardant-fr"", ""nylon-12-aluminum-filled-af"", ""nylon-12"", ""abs-m30i"", ""formlabs-clear-resin"", ""abs-like-black"", ""abs-white"", ""duraform-pa-nylon-12"", ""hips"", ""carbonfiberreinforcedfilaments""], ""transactionProcessAlias"": ""default-inquiry/release-1"", ""unitType"": ""inquiry""}",{},
68c2ee83-59cf-4522-9ef0-0e8cb183745d,2025-09-11T15:45:07Z,PrintAWorld – SLA & Metal 3D Printing Services,,,689e48bb-b5fd-47a3-a809-a12d33e388cb,published,1,,"{""TechnologyID"": [""fdm"", ""mjf"", ""sla"", ""slm"", ""sls""], ""affiliatelinkid"": ""https://prtwd.com/"", ""cardStyle"": ""white"", ""categoryLevel1"": ""northamerica"", ""listingType"": ""free-listing"", ""location"": {""address"": ""74-12 88th St, Flushing, NY 11385, USA"", ""building"": """"}, ""metalid"": [""stainless-steel-316l""], ""photopolymerid"": [""somos-waterclear-ultra-10122"", ""formlabs-tough-resin-2000"", ""formlabs-standard-resin"", ""formlabs-high-temp-resin""], ""thermoplasticid"": [""nylon-pa-12"", ""abs-m30-stratasys""], ""transactionProcessAlias"": ""default-inquiry/release-1"", ""unitType"": ""inquiry""}",{},
68c2eb2e-1d84-49c9-b575-7ebc4eb7a163,2025-09-11T15:30:54Z,GoEngineer – Industrial 3D Printing & Additive Manufacturing,,,689e48bb-b5fd-47a3-a809-a12d33e388cb,published,1,,"{""TechnologyID"":[""fdm"",""material-jetting"",""sla"",""dlp"",""saf""],""affiliatelinkid"":""https://www.goengineer.com/"",""cardStyle"":""white"",""categoryLevel1"":""northamerica"",""listingType"":""free-listing"",""location"":{""address"":""739 East Fort Union Blvd, Midvale, UT 84047, USA"",""building"":""""},""thermoplasticid"":[""pei-ultem-1010-stratasys"",""pa-12-carbon-filled"",""petg"",""pei-ultem-9085-stratasys"",""pc-or-pc-abs"",""pc"",""pa-12"",""nylon-pa-12"",""nylon-12"",""abs-m30-stratasys"",""standardpla"",""carbonfiberreinforcedfilaments""],""transactionProcessAlias"":""default-inquiry/release-1"",""unitType"":""inquiry""}",{},
68c2e348-4af9-46f7-bbc2-fd37c788160b,2025-09-11T14:57:12Z,3D Print Danmark – Custom 3D Printing & Rapid Prototyping,,,689e48bb-b5fd-47a3-a809-a12d33e388cb,published,1,,"{""affiliatelinkid"": ""https://3dprintdanmark.dk/"", ""cardStyle"": ""white"", ""categoryLevel1"": ""europe"", ""listingType"": ""free-listing"", ""location"": {""address"": ""H. C. Ørsteds Vej 4, 6100 Haderslev, Denmark"", ""building"": """"}, ""thermoplasticid"": [""tpu-70-a-white"", ""pp-natural"", ""polypropylene-mjf"", ""petg"", ""abs-like-black"", ""abs-m30-stratasys"", ""carbonfiberreinforcedfilaments"", ""nylon-12"", ""standardpla""], ""transactionProcessAlias"": ""default-inquiry/release-1"", ""unitType"": ""inquiry"", ""TechnologyID"": [""fdm"", ""sla""]}",{},
68c2e05c-d458-4cb8-b030-ee6e3c9a1ad9,2025-09-11T14:44:44Z,Delva – Industrial Metal Additive Manufacturing & Co‑Develop,,,689e48bb-b5fd-47a3-a809-a12d33e388cb,published,1,,"{""TechnologyID"":[""dmls""],""affiliatelinkid"":""https://delva.fi/en/"",""cardStyle"":""white"",""categoryLevel1"":""europe"",""listingType"":""free-listing"",""location"":{""address"":""Laajamäentie 2, 13430 Hämeenlinna, Finland"",""building"":""""},""metalid"":[""stainless-steel-316l"",""inconel-718"",""maraging-steel"",""aluminum-aisi10mg"",""steel""],""transactionProcessAlias"":""default-inquiry/release-1"",""unitType"":""inquiry""}",{},
68c2de34-ed43-4d6b-b071-0cd14f7a1a23,2025-09-11T14:35:32Z,TEUFEL Prototypen – SLA & SLS Prototyping Service,,,689e48bb-b5fd-47a3-a809-a12d33e388cb,published,1,,"{""TechnologyID"":[""sls"",""sla""],""affiliatelinkid"":""https://www.teufel-prototypen.de/en/"",""cardStyle"":""main-brand"",""categoryLevel1"":""europe"",""listingType"":""free-listing"",""location"":{""address"":""Veilchenweg 1, 89278 Nersingen, Germany"",""building"":"" ""},""thermoplasticid"":[""nylon-pa-12"",""nylon-12-glass-bead-filled-gf"",""nylon-12-flame-retardant-fr"",""nylon-12""],""transactionProcessAlias"":""default-inquiry/release-1"",""unitType"":""inquiry""}",{},
68c2dbb7-6a69-412b-9465-e354474c0e01,2025-09-11T14:24:55Z,Direct 3D Printing – Industrial 3D Printing & Manufacturing,,,689e48bb-b5fd-47a3-a809-a12d33e388cb,published,1,,"{""TechnologyID"":[""dmls"",""fdm"",""material-jetting"",""sla"",""sls""],""affiliatelinkid"":""https://www.direct3dprinting.com.au/"",""cardStyle"":""white"",""categoryLevel1"":""asia"",""categoryLevel2"":""southamerica"",""listingType"":""free-listing"",""location"":{""address"":""33 Yazaki Way, Carrum Downs VIC 3201, Australia"",""building"":""""},""transactionProcessAlias"":""default-inquiry/release-1"",""unitType"":""inquiry""}",{},
68c2d90e-0aa2-4f5e-93cb-a234d6209e5d,2025-09-11T14:13:34Z,igus – Wear-Resistant 3D Printing Service,,,689e48bb-b5fd-47a3-a809-a12d33e388cb,published,1,,"{""TechnologyID"":[""fdm"",""sls"",""dlp""],""affiliatelinkid"":""https://www.igus.com/"",""cardStyle"":""white"",""categoryLevel1"":""northamerica"",""listingType"":""free-listing"",""location"":{""address"":""257 Ferris Ave, Rumford, RI 02916, USA"",""building"":""""},""transactionProcessAlias"":""default-inquiry/release-1"",""unitType"":""inquiry""}",{},
68c2d61e-9321-4503-852c-7024ecc441d6,2025-09-11T14:01:02Z,Ultimate 3D Printing Services – Professional 3D Printing & A,,,689e48bb-b5fd-47a3-a809-a12d33e388cb,published,1,,"{""TechnologyID"":[""material-jetting"",""mjf"",""sla"",""sls"",""fdm"",""dmls"",""dlp""],""affiliatelinkid"":""https://ultimate3dprintingservices.com/"",""cardStyle"":""main-brand"",""categoryLevel1"":""northamerica"",""listingType"":""free-listing"",""location"":{""address"":""1851 Gunn Hwy, Odessa, FL 33556, USA"",""building"":""""},""metalid"":[""steel"",""aluminum-aisi10mg"",""titanium-ti-6al-4v"",""stainless-steel-316l"",""maraging-steel"",""inconel-625""],""photopolymerid"":[""formlabs-durable-resin"",""formlabs-flexible-resin-80a"",""ultem-9085""],""thermoplasticid"":[""tpu-70-a-white"",""tpu-mjf"",""pp-natural"",""polypropylene-mjf"",""photopolymer-rigid"",""petg"",""pei-ultem-9085-stratasys"",""pei-ultem-1010-stratasys"",""pc-or-pc-abs"",""pc"",""pa11-sls"",""pa-af"",""pa-gf"",""pa-12-carbon-filled"",""pa-12"",""nylon-pa-12"",""nylon-12-mineral-filled-hst"",""nylon-12-glass-bead-filled-gf"",""nylon-12-flame-retardant-fr"",""nylon-12-aluminum-filled-af"",""nylon-12"",""absplus-stratasys"",""accura-25"",""standardpla"",""carbonfiberreinforcedfilaments"",""mjf_pa12"",""sls_flexible_tpu"",""saf_pa11_eco"",""ultrasint_tpu01_mjf"",""sls_pa12_pa2200""],""transactionProcessAlias"":""default-inquiry/release-1"",""unitType"":""inquiry""}",{},
68c2d13e-9c64-4999-80da-d67358d5d11e,2025-09-11T13:40:14Z,Cosine Additive – Large Scale 3D Printing & AM Systems,,,689e48bb-b5fd-47a3-a809-a12d33e388cb,published,1,,"{""TechnologyID"":[""fdm""],""affiliatelinkid"":""https://www.cosineadditive.com/"",""cardStyle"":""white"",""categoryLevel1"":""northamerica"",""listingType"":""free-listing"",""location"":{""address"":""8181 W Hardy Rd, Houston, TX 77022, USA"",""building"":""""},""photopolymerid"":[""polypropylene-p""],""thermoplasticid"":[""standardpla"",""carbonfiberreinforcedfilaments"",""abs-m30-stratasys"",""polypropylene-mjf"",""petg"",""pp-natural"",""pc""],""transactionProcessAlias"":""default-inquiry/release-1"",""unitType"":""inquiry""}",{},
68c034df-fc55-4af1-b1c6-bb4b25deb2b6,2025-09-09T14:08:31Z,BEAMIT,,,689e48bb-b5fd-47a3-a809-a12d33e388cb,published,1,,"{""TechnologyID"":[""dmls"",""slm""],""affiliatelinkid"":""https://www.beam-it.eu"",""cardStyle"":""main-brand"",""categoryLevel1"":""europe"",""listingType"":""free-listing"",""location"":{""address"":""Str. Prinzera, 17, 43045 Fornovo di Taro PR, Italy"",""building"":""""},""metalid"":[""stainless-steel-316l"",""stainless-steel-17-4ph"",""inconel-718"",""inconel-625"",""maraging-steel"",""aluminum-aisi10mg"",""titanium-ti-6al-4v""],""transactionProcessAlias"":""default-inquiry/release-1"",""unitType"":""inquiry""}",{},
68bf452e-1fca-4109-b61b-8f12bfae092a,2025-09-08T21:05:50Z,Paragon Rapid Technologies,,,689e48bb-b5fd-47a3-a809-a12d33e388cb,published,1,,"{""TechnologyID"":[""mjf"",""sla"",""sls"",""dlp"",""fdm""],""affiliatelinkid"":""https://paragon-rt.com/"",""cardStyle"":""white"",""categoryLevel1"":""europe"",""listingType"":""free-listing"",""location"":{""address"":""Darlington DL2 1NA, UK"",""building"":""""},""thermoplasticid"":[""pp-natural"",""polypropylene-mjf"",""petg"",""pc"",""pc-or-pc-abs"",""nylon-pa-12"",""absplus-stratasys"",""abs-m30i"",""abs-like-black"",""abs-m30-stratasys"",""abs-white"",""nylon-12"",""standardpla"",""hips"",""sls_pa12_pa2200""],""transactionProcessAlias"":""default-inquiry/release-1"",""unitType"":""inquiry""}",{},
68bf3b6e-943a-4d0f-8441-409ef87a956b,2025-09-08T20:24:14Z,ADDMAN,,,689e48bb-b5fd-47a3-a809-a12d33e388cb,published,1,,"{""TechnologyID"":[""dmls"",""fdm"",""mjf"",""sls""],""affiliatelinkid"":""https://www.addmangroup.com/"",""cardStyle"":""white"",""categoryLevel1"":""northamerica"",""listingType"":""free-listing"",""location"":{""address"":""16340 Innovation Ln, Fort Myers, FL 33913, USA"",""building"":""""},""metalid"":[""aluminum-aisi10mg"",""titanium-ti-6al-4v"",""steel"",""stainless-steel-316l"",""stainless-steel-17-4ph"",""inconel-718"",""inconel-625"",""maraging-steel"",""ni625"",""gold-plated-brass""],""thermoplasticid"":[""pp-natural"",""polypropylene-mjf"",""pc-or-pc-abs"",""pc"",""pa11-sls"",""nylon-pa-12"",""nylon-12"",""absplus-stratasys"",""abs-m30i"",""abs-like-black"",""abs-m30-stratasys"",""abs-white"",""duraform-pa-nylon-12"",""hips"",""kevlarreinforcedfilaments"",""sls_pa12_pa2200"",""mjf_pa12"",""carbonfiberreinforcedfilaments""],""transactionProcessAlias"":""default-inquiry/release-1"",""unitType"":""inquiry""}",{},
68bf2a5b-2820-4ddc-b944-c55c585a76f9,2025-09-08T19:11:23Z,Materialise Manufacturing,,,689e48bb-b5fd-47a3-a809-a12d33e388cb,published,1,,"{""TechnologyID"":[""dmls"",""mjf"",""material-jetting"",""sla"",""sls""],""affiliatelinkid"":""https://www.materialise.com"",""cardStyle"":""white"",""categoryLevel1"":""europe"",""listingType"":""free-listing"",""location"":{""address"":""Technologielaan 15, 3001 Leuven, Belgium"",""building"":""""},""metalid"":[""aluminum-aisi10mg"",""titanium-ti-6al-4v"",""steel"",""stainless-steel-316l"",""stainless-steel-17-4ph"",""inconel-625"",""maraging-steel"",""inconel-718"",""ni625"",""420i-420ss-brz""],""thermoplasticid"":[""pa-af"",""tpu-mjf"",""polypropylene-mjf"",""pc-or-pc-abs"",""pc"",""pa11-sls"",""nylon-pa-12-blue-metal"",""nylon-pa-12"",""abs-m30i"",""abs-m30-stratasys"",""abs-white"",""duraform-pa-nylon-12"",""duraform-hst"",""duraform-tpu"",""absplus-stratasys"",""duraform-ex"",""carbonfiberreinforcedfilaments"",""kevlarreinforcedfilaments""],""transactionProcessAlias"":""default-inquiry/release-1"",""unitType"":""inquiry""}",{},
68bf1eb4-8653-4d97-b2ce-4a456cab34fd,2025-09-08T18:21:40Z,ZiggZagg,,,689e48bb-b5fd-47a3-a809-a12d33e388cb,published,1,,"{""TechnologyID"": [""dmls"", ""mjf"", ""sla"", ""sls""], ""affiliatelinkid"": ""https://www.ziggzagg.com"", ""cardStyle"": ""white"", ""categoryLevel1"": ""europe"", ""listingType"": ""free-listing"", ""location"": {""address"": ""Belgium"", ""building"": """"}, ""thermoplasticid"": [""pei-ultem-9085-stratasys"", ""tpu-70-a-white"", ""tpu-mjf"", ""nylon-pa-12"", ""nylon-12-mineral-filled-hst"", ""nylon-12-flame-retardant-fr"", ""nylon-12-aluminum-filled-af"", ""nylon-12"", ""formlabs-clear-resin"", ""abs-m30i"", ""abs-like-black"", ""abs-m30-stratasys"", ""carbonfiberreinforcedfilaments"", ""kevlarreinforcedfilaments""], ""transactionProcessAlias"": ""default-inquiry/release-1"", ""unitType"": ""inquiry"", ""metalid"": [""stainless-steel-316l"", ""inconel-718"", ""inconel-625"", ""aluminum-aisi10mg"", ""titanium-ti-6al-4v""]}",{},
68bf0852-bb86-4bfc-b72d-763010a406c4,2025-09-08T16:46:10Z,AML3D,,,689e48bb-b5fd-47a3-a809-a12d33e388cb,published,1,,"{""TechnologyID"": [""ded""], ""affiliatelinkid"": ""https://aml3d.com/"", ""cardStyle"": ""white"", ""categoryLevel1"": ""asia"", ""categoryLevel2"": ""southamerica"", ""listingType"": ""free-listing"", ""location"": {""address"": ""Adelaide SA, Australia"", ""building"": """"}, ""metalid"": [""aluminum-aisi10mg"", ""titanium-ti-6al-4v"", ""steel"", ""stainless-steel-316l"", ""inconel-718"", ""inconel-625"", ""stainless-steel-17-4ph""], ""transactionProcessAlias"": ""default-inquiry/release-1"", ""unitType"": ""inquiry""}",{},
68bf0130-0b4f-41ab-9de1-01b7f2b8d2bf,2025-09-08T16:15:44Z,GKN Additive,,,689e48bb-b5fd-47a3-a809-a12d33e388cb,published,1,,"{""TechnologyID"":[""binder-jetting"",""dmls""],""affiliatelinkid"":""https://www.gknpm.com/en/technologies/metal-additive-manufacturing/"",""cardStyle"":""white"",""categoryLevel1"":""europe"",""listingType"":""free-listing"",""location"":{""address"":""53 Bonn, Germany"",""building"":""""},""metalid"":[""inconel-625"",""ni625"",""maraging-steel"",""aluminum-aisi10mg"",""titanium-ti-6al-4v"",""steel"",""stainless-steel-316l"",""inconel-718""],""transactionProcessAlias"":""default-inquiry/release-1"",""unitType"":""inquiry""}",{},
68befa19-14a5-481a-b1d8-05e422bd9095,2025-09-08T15:45:29Z,Sintavia,,,689e48bb-b5fd-47a3-a809-a12d33e388cb,published,1,,"{""TechnologyID"":[""dmls"",""slm""],""affiliatelinkid"":""https://sintavia.com"",""cardStyle"":""white"",""categoryLevel1"":""northamerica"",""listingType"":""free-listing"",""location"":{""address"":""Hollywood, FL, USA"",""building"":""""},""metalid"":[""aluminum-aisi10mg"",""titanium-ti-6al-4v"",""steel"",""stainless-steel-316l"",""stainless-steel-17-4ph"",""inconel-718"",""inconel-625"",""ni625""],""transactionProcessAlias"":""default-inquiry/release-1"",""unitType"":""inquiry""}",{},
68bef8bd-1d6a-441d-9745-d502677ddb73,2025-09-08T15:39:41Z,Incodema3D,,,689e48bb-b5fd-47a3-a809-a12d33e388cb,published,1,,"{""TechnologyID"":[""dmls""],""affiliatelinkid"":""https://www.incodema3d.com"",""cardStyle"":""white"",""categoryLevel1"":""northamerica"",""listingType"":""free-listing"",""location"":{""address"":""Ithaca, NY, USA"",""building"":""""},""metalid"":[""maraging-steel"",""aluminum-aisi10mg"",""titanium-ti-6al-4v"",""steel"",""stainless-steel-316l"",""stainless-steel-17-4ph"",""inconel-718"",""inconel-625"",""ni625""],""transactionProcessAlias"":""default-inquiry/release-1"",""unitType"":""inquiry""}",{},
68bef37e-42c0-4432-b9c7-60dd5d75763c,2025-09-08T15:17:18Z,Burloak Technologies,,,689e48bb-b5fd-47a3-a809-a12d33e388cb,published,1,,"{""TechnologyID"":[""sls"",""slm"",""dlp"",""dmls"",""fdm"",""mjf"",""sla""],""affiliatelinkid"":""https://www.burloaktech.com"",""cardStyle"":""white"",""categoryLevel1"":""northamerica"",""listingType"":""free-listing"",""location"":{""address"":""Oakville, ON, Canada"",""building"":""""},""metalid"":[""aluminum-aisi10mg"",""titanium-ti-6al-4v"",""steel"",""stainless-steel-316l"",""stainless-steel-17-4ph"",""inconel-718"",""maraging-steel"",""ni625"",""inconel-625""],""thermoplasticid"":[""pp-natural"",""polypropylene-mjf"",""pc-or-pc-abs"",""pc"",""pa11-sls"",""accura-25"",""absplus-stratasys"",""abs-m30i"",""abs-like-black"",""abs-m30-stratasys"",""abs-white"",""duraform-gf-glass-filled-nylon"",""nylon-pa-12""],""transactionProcessAlias"":""default-inquiry/release-1"",""unitType"":""inquiry""}",{},
68bee994-d7a3-4157-872e-881e5a1aeb0b,2025-09-08T14:35:00Z,3T Additive Manufacturing,,,689e48bb-b5fd-47a3-a809-a12d33e388cb,published,1,,"{""TechnologyID"":[""dmls"",""sls""],""affiliatelinkid"":""https://www.3t-am.com"",""cardStyle"":""white"",""categoryLevel1"":""europe"",""listingType"":""free-listing"",""location"":{""address"":""101 Warehouse Rd, Thatcham RG19 6HN, UK"",""building"":""""},""metalid"":[""aluminum-aisi10mg"",""titanium-ti-6al-4v"",""steel"",""stainless-steel-316l"",""stainless-steel-17-4ph"",""inconel-718"",""inconel-625"",""ni625"",""maraging-steel""],""thermoplasticid"":[""nylon-12"",""sls_pa12_pa2200""],""transactionProcessAlias"":""default-inquiry/release-1"",""unitType"":""inquiry""}",{},
68be3b00-7268-4087-a373-27d29a4196dc,2025-09-08T02:10:08Z,SyBridge On-Demand (formerly Fast Radius),,,689e48bb-b5fd-47a3-a809-a12d33e388cb,published,1,,"{""TechnologyID"":[""dmls"",""fdm"",""sls"",""mjf"",""sla"",""dlp""],""affiliatelinkid"":""https://sybridge.com/"",""cardStyle"":""white"",""categoryLevel1"":""northamerica"",""listingType"":""free-listing"",""location"":{""address"":""265 Spring Lake Dr, Itasca, IL 60143, USA"",""building"":""""},""metalid"":[""titanium-ti-6al-4v"",""aluminum-aisi10mg"",""maraging-steel"",""ni625"",""steel"",""stainless-steel-316l"",""stainless-steel-17-4ph"",""inconel-718"",""inconel-625""],""thermoplasticid"":[""pp-natural"",""polypropylene-mjf"",""pc-or-pc-abs"",""pc"",""pa11-sls"",""abs-m30i"",""abs-like-black"",""abs-m30-stratasys"",""duraform-pa-nylon-12"",""nylon-pa-12"",""nylon-12"",""absplus-stratasys"",""abs-white"",""standardpla"",""hips"",""kevlarreinforcedfilaments"",""sls_pa12_pa2200"",""mjf_pa12"",""carbonfiberreinforcedfilaments"",""woodfilledpla""],""transactionProcessAlias"":""default-inquiry/release-1"",""unitType"":""inquiry""}",{},
68be31b4-f5be-4b0a-a768-5915c2e0ef3f,2025-09-08T01:30:28Z,Zeal 3D,,,689e48bb-b5fd-47a3-a809-a12d33e388cb,published,1,,"{""TechnologyID"": [""dmls"", ""fdm"", ""mjf"", ""sla"", ""sls""], ""affiliatelinkid"": ""https://www.zeal3dprinting.com.au/"", ""cardStyle"": ""white"", ""categoryLevel1"": ""asia"", ""categoryLevel2"": ""southamerica"", ""listingType"": ""free-listing"", ""location"": {""address"": ""304/566 St Kilda Rd, Melbourne VIC 3004, Australia"", ""building"": """"}, ""thermoplasticid"": [""pp-natural"", ""polypropylene-mjf"", ""pc-or-pc-abs"", ""pc"", ""pa11-sls"", ""nylon-pa-12"", ""nylon-12"", ""abs-m30i"", ""abs-like-black"", ""abs-m30-stratasys"", ""duraform-pa-nylon-12"", ""duraform-tpu"", ""standardpla"", ""hips"", ""woodfilledpla"", ""mjf_pa12"", ""saf_pa11_eco"", ""abs-white"", ""carbonfiberreinforcedfilaments"", ""kevlarreinforcedfilaments"", ""sls_flexible_tpu"", ""ultrasint_tpu01_mjf""], ""transactionProcessAlias"": ""default-inquiry/release-1"", ""unitType"": ""inquiry""}",{},
68be2cc2-0e8e-48d3-a47e-03f5a668ffd8,2025-09-08T01:09:22Z,FacFox,,,689e48bb-b5fd-47a3-a809-a12d33e388cb,published,1,,"{""TechnologyID"":[""mjf"",""sla"",""sls"",""dmp"",""dmls"",""fdm"",""material-jetting"",""dlp""],""affiliatelinkid"":""https://facfox.com/"",""cardStyle"":""white"",""categoryLevel1"":""asia"",""categoryLevel2"":""southamerica"",""listingType"":""free-listing"",""location"":{""address"":""Zhi Cheng Da Sha, 龙井 Bin Jiang Qu, Hang Zhou Shi, Zhe Jiang Sheng, China, 310053"",""building"":""""},""metalid"":[""inconel-718"",""inconel-625"",""aluminum-aisi10mg"",""titanium-ti-6al-4v"",""steel"",""stainless-steel-316l"",""stainless-steel-17-4ph"",""maraging-steel"",""ni625""],""thermoplasticid"":[""tpu-mjf"",""pp-natural"",""polypropylene-mjf"",""petg"",""pc"",""pc-or-pc-abs"",""nylon-12"",""absplus-stratasys"",""duraform-pa-nylon-12"",""abs-m30i"",""abs-like-black"",""abs-m30-stratasys"",""abs-white"",""carbonfiberreinforcedfilaments"",""kevlarreinforcedfilaments"",""sls_pa12_pa2200"",""mjf_pa12"",""standardpla"",""hips""],""transactionProcessAlias"":""default-inquiry/release-1"",""unitType"":""inquiry""}",{},
68be2943-cfb2-49b8-80cb-394d4cae106d,2025-09-08T00:54:27Z,Makelab,,,689e48bb-b5fd-47a3-a809-a12d33e388cb,published,1,,"{""TechnologyID"":[""sla"",""fdm"",""mjf""],""affiliatelinkid"":""https://www.makelab.com/"",""cardStyle"":""white"",""categoryLevel1"":""northamerica"",""listingType"":""free-listing"",""location"":{""address"":""Brooklyn, NY, USA"",""building"":""""},""thermoplasticid"":[""tpu-mjf"",""pp-natural"",""polypropylene-mjf"",""petg"",""pc-or-pc-abs"",""nylon-12"",""absplus-stratasys"",""abs-m30i"",""abs-like-black"",""abs-m30-stratasys"",""abs-white"",""duraform-pa-nylon-12"",""mjf_pa12""],""transactionProcessAlias"":""default-inquiry/release-1"",""unitType"":""inquiry""}",{},
68be265f-9be3-4021-ae3b-6c592ae1c097,2025-09-08T00:42:07Z,3DEO,,,689e48bb-b5fd-47a3-a809-a12d33e388cb,published,1,,"{""TechnologyID"":[""binder-jetting""],""affiliatelinkid"":""https://www.3deo.co/"",""cardStyle"":""white"",""categoryLevel1"":""northamerica"",""listingType"":""free-listing"",""location"":{""address"":""24225 Garnier St, Torrance, CA 90505, USA"",""building"":""""},""metalid"":[""steel"",""stainless-steel-316l"",""stainless-steel-17-4ph""],""transactionProcessAlias"":""default-inquiry/release-1"",""unitType"":""inquiry""}",{},
68be25be-733b-4a00-9518-6ba8fbefd193,2025-09-08T00:39:26Z,RapidDirect,,,689e48bb-b5fd-47a3-a809-a12d33e388cb,published,1,,"{""TechnologyID"":[""sls"",""slm"",""mjf"",""sla""],""affiliatelinkid"":""https://www.rapiddirect.com/"",""cardStyle"":""white"",""categoryLevel1"":""asia"",""categoryLevel2"":""southamerica"",""listingType"":""free-listing"",""location"":{""address"":""Shenzhen, Guangdong Province, China"",""building"":""""},""metalid"":[""titanium-ti-6al-4v"",""steel"",""stainless-steel-316l"",""stainless-steel-17-4ph"",""aluminum-aisi10mg"",""inconel-718"",""inconel-625"",""maraging-steel"",""ni625""],""thermoplasticid"":[""nylon-pa-12"",""nylon-12"",""abs-m30-stratasys"",""absplus-stratasys"",""abs-m30i"",""abs-like-black"",""abs-white""],""transactionProcessAlias"":""default-inquiry/release-1"",""unitType"":""inquiry""}",{},
68be2315-7eb7-45d3-b4af-0c2781c82a94,2025-09-08T00:28:05Z,FIT Additive Manufacturing Group,,,689e48bb-b5fd-47a3-a809-a12d33e388cb,published,1,,"{""TechnologyID"":[""sla"",""dmls"",""fdm"",""material-jetting"",""slm"",""dlp"",""saf"",""sls""],""affiliatelinkid"":""https://fit.technology/"",""cardStyle"":""white"",""categoryLevel1"":""europe"",""listingType"":""free-listing"",""location"":{""address"":""92331 Lupburg, Germany"",""building"":""""},""metalid"":[""aluminum-aisi10mg"",""titanium-ti-6al-4v"",""stainless-steel-316l"",""stainless-steel-17-4ph"",""inconel-718"",""inconel-625"",""maraging-steel"",""steel"",""ni625""],""photopolymerid"":[""accura-clearvue"",""accura-bluestone""],""thermoplasticid"":[""accura-25"",""absplus-stratasys"",""abs-m30i"",""abs-like-black"",""pa-12"",""nylon-pa-12-blue-metal"",""pa-af"",""pa-12-carbon-filled""],""transactionProcessAlias"":""default-inquiry/release-1"",""unitType"":""inquiry""}",{},
68a771a7-4eb2-42f3-821e-91c6f5ccd203,2025-08-21T19:21:11Z,JawsTec – Online 3D Printing Service,,,689e48bb-b5fd-47a3-a809-a12d33e388cb,published,1,,"{""TechnologyID"": [""dmls"", ""fdm"", ""mjf"", ""sla"", ""sls""], ""affiliatelinkid"": ""https://www.jawstec.com"", ""cardStyle"": ""white"", ""categoryLevel1"": ""northamerica"", ""listingType"": ""free-listing"", ""location"": {""address"": ""2839 ID-39, American Falls, ID 83211, USA"", ""building"": """"}, ""metalid"": [""aluminum-aisi10mg"", ""titanium-ti-6al-4v"", ""steel"", ""stainless-steel-316l"", ""stainless-steel-17-4ph"", ""ni625"", ""inconel-625"", ""maraging-steel"", ""inconel-718""], ""thermoplasticid"": [""polypropylene-mjf"", ""pa11-sls"", ""pa-gf"", ""tpu-mjf"", ""pa-12-carbon-filled"", ""pa-12"", ""nylon-12-mineral-filled-hst"", ""nylon-12""], ""transactionProcessAlias"": ""default-inquiry/release-1"", ""unitType"": ""inquiry""}",{},
68a76ba9-8011-4879-a1d8-a54a12c33ffd,2025-08-21T18:55:37Z,Markforged – Industrial Additive Manufacturing Platform,,,689e48bb-b5fd-47a3-a809-a12d33e388cb,published,1,,"{""TechnologyID"":[""fdm""],""affiliatelinkid"":""https://markforged.com"",""cardStyle"":""white"",""categoryLevel1"":""northamerica"",""listingType"":""free-listing"",""location"":{""address"":""Waltham, MA, USA"",""building"":""""},""metalid"":[""steel"",""stainless-steel-316l"",""stainless-steel-17-4ph"",""inconel-625""],""thermoplasticid"":[""tpu-mjf"",""pei-ultem-9085-stratasys"",""pa-12-carbon-filled"",""pa-12"",""nylon-pa-12"",""carbonfiberreinforcedfilaments""],""transactionProcessAlias"":""default-inquiry/release-1"",""unitType"":""inquiry""}",{},
68a10c44-80bf-4771-aa7e-217980ef9864,2025-08-16T22:55:00Z,Norra AM ,,,689e48bb-b5fd-47a3-a809-a12d33e388cb,published,1,,"{""TechnologyID"":[""mjf"",""sla"",""sls"",""dlp"",""fdm"",""material-jetting""],""affiliatelinkid"":""https://norraam.se"",""categoryLevel1"":""europe"",""listingType"":""free-listing"",""location"":{""address"":""Håstaholmen 5, 824 44 Hudiksvall, Sweden"",""building"":""""},""thermoplasticid"":[""tpu-mjf"",""pa11-sls"",""pa-gf"",""pa-12-bluesint"",""pa-12"",""nylon-pa-12"",""nylon-12-mineral-filled-hst"",""nylon-12-glass-bead-filled-gf"",""nylon-12-flame-retardant-fr"",""nylon-12-aluminum-filled-af"",""nylon-12"",""pa-12-carbon-filled"",""nylon-pa-12-blue-metal"",""sls_pa12_pa2200"",""mjf_pa12"",""sls_flexible_tpu""],""transactionProcessAlias"":""default-inquiry/release-1"",""unitType"":""inquiry""}",{},
68a10847-fab3-47a9-b125-b4bf20ceab94,2025-08-16T22:37:59Z,Forecast 3D – Industrial 3D Printing & Digital Manufacturing,,,689e48bb-b5fd-47a3-a809-a12d33e388cb,published,1,,"{""TechnologyID"":[""binder-jetting"",""dmls"",""fdm"",""material-jetting"",""mjf"",""sla"",""slm"",""sls""],""affiliatelinkid"":""https://www.forecast3d.com"",""categoryLevel1"":""northamerica"",""listingType"":""free-listing"",""location"":{""address"":""2221 Las Palmas Dr, Carlsbad, CA 92011, USA"",""building"":""""},""metalid"":[""maraging-steel"",""aluminum-aisi10mg"",""titanium-ti-6al-4v"",""steel"",""stainless-steel-316l"",""stainless-steel-17-4ph"",""inconel-625"",""bronze"",""ni625""],""thermoplasticid"":[""tpu-mjf"",""pp-natural"",""polypropylene-mjf"",""pei-ultem-1010-stratasys"",""pc-or-pc-abs"",""pc"",""pa11-sls"",""pa-gf"",""pa-af"",""pa-12-carbon-filled"",""pa-12-bluesint"",""pa-12"",""nylon-pa-12-blue-metal"",""nylon-pa-12"",""nylon-12-mineral-filled-hst"",""nylon-12-glass-bead-filled-gf"",""nylon-12-flame-retardant-fr"",""nylon-12-aluminum-filled-af"",""nylon-12"",""absplus-stratasys"",""abs-m30i"",""abs-like-black"",""abs-m30-stratasys"",""abs-white"",""hips"",""kevlarreinforcedfilaments"",""woodfilledpla"",""sls_pa12_pa2200"",""mjf_pa12"",""sls_flexible_tpu"",""saf_pa11_eco"",""ultrasint_tpu01_mjf"",""standardpla""],""transactionProcessAlias"":""default-inquiry/release-1"",""unitType"":""inquiry""}",{},
68a0c63a-0f2a-4b33-acf9-ad3e5ce9429e,2025-08-16T17:56:10Z,3DCompare – On-Demand Manufacturing Platform,,,689e48bb-b5fd-47a3-a809-a12d33e388cb,published,1,,"{""TechnologyID"":[""fdm"",""material-jetting"",""mjf"",""sla"",""sls"",""dlp"",""dmp""],""affiliatelinkid"":""https://3dcompare.com"",""categoryLevel1"":""europe"",""listingType"":""free-listing"",""location"":{""address"":""Lakenheath, UK"",""building"":""""},""metalid"":[""aluminum-aisi10mg"",""titanium-ti-6al-4v"",""steel"",""stainless-steel-316l"",""inconel-625"",""ni625""],""thermoplasticid"":[""tpu-mjf"",""polypropylene-mjf"",""photopolymer-rigid"",""pa-gf"",""pa-12-carbon-filled"",""nylon-pa-12-blue-metal"",""nylon-pa-12"",""nylon-12-mineral-filled-hst"",""nylon-12-glass-bead-filled-gf"",""nylon-12"",""absplus-stratasys"",""abs-m30i"",""abs-m30-stratasys"",""duraform-gf-glass-filled-nylon"",""duraform-hst""],""transactionProcessAlias"":""default-inquiry/release-1"",""unitType"":""inquiry""}",{},
68a0c3e8-ce78-42c3-87c7-3b690519a09e,2025-08-16T17:46:16Z,Quickparts – Rapid Prototyping & Manufacturing Services,,,689e48bb-b5fd-47a3-a809-a12d33e388cb,published,1,,"{""TechnologyID"":[""sls"",""fdm"",""sla"",""dlp"",""dmp""],""affiliatelinkid"":""https://quickparts.com/"",""categoryLevel1"":""northamerica"",""listingType"":""free-listing"",""location"":{""address"":""620 S Industrial WY, Seattle, WA 98108, USA"",""building"":""""},""metalid"":[""aluminum-aisi10mg"",""titanium-ti-6al-4v"",""steel"",""stainless-steel-316l"",""inconel-718"",""maraging-steel"",""ni625"",""inconel-625""],""thermoplasticid"":[""pc"",""pa11-sls"",""pa-gf"",""pa-af"",""pa-12-carbon-filled"",""pa-12"",""nylon-12-mineral-filled-hst"",""nylon-12-glass-bead-filled-gf"",""pc-or-pc-abs"",""nylon-12"",""duraform-gf-glass-filled-nylon"",""absplus-stratasys"",""abs-m30i"",""abs-m30-stratasys"",""duraform-hst"",""duraform-tpu"",""sls_pa12_pa2200""],""transactionProcessAlias"":""default-inquiry/release-1"",""unitType"":""inquiry""}",{},
68a0c194-45dc-48ee-9836-31c285efa481,2025-08-16T17:36:20Z,Invent 3D – Additive Manufacturing & 3D Printing Services,,,689e48bb-b5fd-47a3-a809-a12d33e388cb,published,1,,"{""TechnologyID"":[""sls"",""fdm"",""sla""],""affiliatelinkid"":""https://invent3d.design/"",""categoryLevel1"":""europe"",""listingType"":""free-listing"",""location"":{""address"":""Qormi, Malta"",""building"":""""},""thermoplasticid"":[""pp-natural"",""polypropylene-mjf"",""photopolymer-rigid"",""petg"",""pei-ultem-9085-stratasys"",""pei-ultem-1010-stratasys"",""pc"",""pa11-sls"",""pa-gf"",""pa-af"",""tpu-mjf"",""pc-or-pc-abs"",""pa-12-carbon-filled"",""pa-12"",""nylon-pa-12-blue-metal"",""nylon-pa-12"",""nylon-12-mineral-filled-hst"",""formlabs-clear-resin"",""nylon-12-glass-bead-filled-gf"",""nylon-12-aluminum-filled-af"",""nylon-12"",""absplus-stratasys"",""abs-m30-stratasys"",""abs-white""],""transactionProcessAlias"":""default-inquiry/release-1"",""unitType"":""inquiry""}",{},
68a0bd93-c3f2-4f12-9aee-950c12df71d1,2025-08-16T17:19:15Z,Danish Technological Institute – Industrial 3D Printing,,,689e48bb-b5fd-47a3-a809-a12d33e388cb,published,1,,"{""TechnologyID"":[""fdm"",""sls"",""mjf"",""dmp""],""affiliatelinkid"":""https://www.dti.dk/services/industrial-3d-printing/40479"",""categoryLevel1"":""europe"",""listingType"":""free-listing"",""location"":{""address"":""Kongsvang Alle 29, 8000 Aarhus, Denmark"",""building"":""""},""metalid"":[""aluminum-aisi10mg"",""titanium-ti-6al-4v"",""steel"",""stainless-steel-316l"",""maraging-steel"",""ni625"",""inconel-625""],""thermoplasticid"":[""tpu-mjf"",""pa11-sls"",""pa-gf"",""pa-af"",""pa-12-carbon-filled"",""pa-12-bluesint"",""pa-12"",""nylon-pa-12-blue-metal"",""nylon-pa-12"",""nylon-12-mineral-filled-hst"",""nylon-12-glass-bead-filled-gf""],""transactionProcessAlias"":""default-inquiry/release-1"",""unitType"":""inquiry""}",{},
68a0a9ab-2064-4319-9357-f96ff3ce3983,2025-08-16T15:54:19Z,Stratasys Direct – Industrial 3D Printing & Manufacturing Se,,,689e48bb-b5fd-47a3-a809-a12d33e388cb,published,1,,"{""TechnologyID"": [""material-jetting"", ""mjf"", ""sla"", ""sls"", ""fdm"", ""dlp"", ""saf""], ""affiliatelinkid"": ""https://www.stratasys.com/en/stratasysdirect/"", ""cardStyle"": ""main-brand"", ""categoryLevel1"": ""northamerica"", ""listingType"": ""free-listing"", ""location"": {""address"": ""7665 Commerce Way, Eden Prairie, MN 55344, USA"", ""building"": """"}, ""metalid"": [], ""thermoplasticid"": [], ""transactionProcessAlias"": ""default-inquiry/release-1"", ""unitType"": ""inquiry""}",{},
68a0a5d3-0b44-4722-b744-20a076b8f334,2025-08-16T15:37:55Z,Craftcloud – 3D Printing & Manufacturing Platform,,,689e48bb-b5fd-47a3-a809-a12d33e388cb,published,1,,"{""TechnologyID"":[""material-jetting"",""mjf"",""saf"",""binder-jetting"",""fdm"",""sls"",""dlp"",""dmp"",""sla""],""affiliatelinkid"":""https://craftcloud3d.com"",""categoryLevel1"":""europe"",""listingType"":""free-listing"",""location"":{""address"":""Munich, Germany"",""building"":"" ""},""metalid"":[""aluminum-aisi10mg"",""titanium-ti-6al-4v"",""steel"",""stainless-steel-316l"",""inconel-718"",""420i-420ss-brz"",""inconel-625"",""ni625""],""photopolymerid"":[""photopolymer-rigid-p""],""thermoplasticid"":[""polypropylene-mjf"",""petg"",""pei-ultem-9085-stratasys"",""pei-ultem-1010-stratasys"",""pc-or-pc-abs"",""pc"",""pa11-sls"",""pa-gf"",""photopolymer-rigid"",""pa-12"",""nylon-pa-12-blue-metal"",""tpu-mjf"",""nylon-pa-12"",""nylon-12-mineral-filled-hst"",""nylon-12"",""abs-m30i"",""abs-like-black"",""abs-m30-stratasys"",""abs-white"",""absplus-stratasys""],""transactionProcessAlias"":""default-inquiry/release-1"",""unitType"":""inquiry""}",{},
68a0a27f-8439-4d5f-8a71-9fa5f149d692,2025-08-16T15:23:43Z,Murtfeldt Additive Solutions – Industrial 3D Printing & Manu,,,689e48bb-b5fd-47a3-a809-a12d33e388cb,published,1,,"{""TechnologyID"":[""fdm"",""dlp"",""sls""],""affiliatelinkid"":""https://murtfeldt-as.de"",""categoryLevel1"":""europe"",""listingType"":""free-listing"",""location"":{""address"":""Hülbeweg 7, 72127 Kusterdingen, Germany"",""building"":""""},""thermoplasticid"":[""tpu-mjf"",""pp-natural"",""polypropylene-mjf"",""photopolymer-rigid"",""pei-ultem-9085-stratasys"",""pei-ultem-1010-stratasys"",""pc"",""pa11-sls"",""pa-gf"",""pa-af"",""pa-12-carbon-filled"",""pa-12"",""nylon-pa-12-blue-metal"",""nylon-pa-12"",""nylon-12-mineral-filled-hst"",""nylon-12-glass-bead-filled-gf"",""nylon-12-aluminum-filled-af"",""nylon-12"",""absplus-stratasys"",""abs-m30i"",""abs-like-black"",""abs-m30-stratasys"",""abs-white""],""transactionProcessAlias"":""default-inquiry/release-1"",""unitType"":""inquiry""}",{},
68a095fe-8d6d-4a60-ad02-ffb18a31c03e,2025-08-16T14:30:22Z,Protolabs – Digital Manufacturing & Rapid Prototyping,,,689e48bb-b5fd-47a3-a809-a12d33e388cb,published,1,,"{""TechnologyID"":[""sls"",""material-jetting"",""mjf"",""sla"",""dmp"",""saf""],""affiliatelinkid"":""https://www.protolabs.com/"",""categoryLevel1"":""northamerica"",""listingType"":""free-listing"",""location"":{""address"":""5540 Pioneer Creek Dr, Maple Plain, MN 55359, USA"",""building"":""""},""thermoplasticid"":[""pa-12-carbon-filled"",""pa-12"",""nylon-pa-12"",""abs-white"",""abs-like-black""],""transactionProcessAlias"":""default-inquiry/release-1"",""unitType"":""inquiry""}",{},
68a091c5-99cd-4891-b4a7-33ae1552ba43,2025-08-16T14:12:21Z,3ERP – Rapid Prototyping & Low-Volume Manufacturing Services,,,689e48bb-b5fd-47a3-a809-a12d33e388cb,published,1,,"{""TechnologyID"":[""sls"",""fdm"",""sla"",""dmp""],""affiliatelinkid"":""https://www.3erp.com/"",""categoryLevel1"":""asia"",""categoryLevel2"":""southamerica"",""listingType"":""free-listing"",""location"":{""address"":""Zhongshan, Guangdong Province, China"",""building"":"" ""},""metalid"":[""aluminum-aisi10mg"",""titanium-ti-6al-4v"",""steel"",""stainless-steel-316l""],""thermoplasticid"":[""petg"",""pei-ultem-9085-stratasys"",""pei-ultem-1010-stratasys"",""pc-or-pc-abs"",""pc"",""pa11-sls"",""pa-gf"",""nylon-12-mineral-filled-hst"",""nylon-12-glass-bead-filled-gf"",""nylon-12-aluminum-filled-af"",""nylon-12"",""nylon-pa-12""],""transactionProcessAlias"":""default-inquiry/release-1"",""unitType"":""inquiry""}",{},
68a08904-88e8-4260-9a23-e45f6f647dfb,2025-08-16T13:35:00Z,3D Printing Ally – Rapid Prototyping & Production Services,,,689e48bb-b5fd-47a3-a809-a12d33e388cb,published,1,,"{""TechnologyID"":[""fdm"",""sla""],""affiliatelinkid"":""https://3dprintingally.com/"",""categoryLevel1"":""northamerica"",""listingType"":""free-listing"",""location"":{""address"":""1901 Ward Ave., Hudson, WI 54016, USA"",""building"":""""},""photopolymerid"":[""accura-clearvue""],""thermoplasticid"":[""photopolymer-rigid"",""pc"",""polypropylene-mjf"",""petg"",""pei-ultem-9085-stratasys"",""pc-or-pc-abs"",""pa-af"",""pa-12-carbon-filled"",""pa-12-bluesint"",""pa-12"",""nylon-pa-12-blue-metal"",""nylon-12-mineral-filled-hst"",""nylon-12-glass-bead-filled-gf"",""nylon-12-flame-retardant-fr"",""nylon-12-aluminum-filled-af"",""nylon-12"",""formlabs-clear-resin"",""absplus-stratasys"",""abs-m30i""],""transactionProcessAlias"":""default-inquiry/release-1"",""unitType"":""inquiry""}",{},
689fcda6-13e1-45d4-8aab-5ea16e8082df,2025-08-16T00:15:34Z,Impac Additive 3D – Texas-Based Additive Manufacturing Servi,,,689e48bb-b5fd-47a3-a809-a12d33e388cb,published,1,,"{""TechnologyID"":[""dmls"",""mjf"",""sla"",""sls"",""slm"",""dlp"",""fdm"",""dmp""],""affiliatelinkid"":""https://impacsystems.com"",""categoryLevel1"":""northamerica"",""listingType"":""free-listing"",""location"":{""address"":""319 S 1st St, Temple, TX 76504, USA"",""building"":""""},""metalid"":[""aluminum-aisi10mg"",""titanium-ti-6al-4v"",""steel"",""stainless-steel-316l"",""inconel-718"",""maraging-steel""],""thermoplasticid"":[""pei-ultem-9085-stratasys"",""pei-ultem-1010-stratasys"",""pc-or-pc-abs"",""pc"",""pa11-sls"",""pa-gf"",""pa-af"",""tpu-mjf"",""polypropylene-mjf"",""pa-12"",""nylon-pa-12-blue-metal"",""nylon-12-mineral-filled-hst"",""nylon-12-glass-bead-filled-gf"",""nylon-12-flame-retardant-fr"",""nylon-12-aluminum-filled-af"",""nylon-12"",""accura-25"",""abs-m30i"",""abs-like-black"",""abs-m30-stratasys"",""abs-white""],""transactionProcessAlias"":""default-inquiry/release-1"",""unitType"":""inquiry""}",{},
689fcb0f-2fb0-48b6-9b98-2323d977b82d,2025-08-16T00:04:31Z,PartZpro – Hassle-Free Parts Sourcing & On-Demand Manufactur,,,689e48bb-b5fd-47a3-a809-a12d33e388cb,published,1,,"{""TechnologyID"":[""dmp"",""fdm"",""material-jetting"",""mjf"",""sla"",""sls"",""slm""],""affiliatelinkid"":""https://www.partzpro.com"",""categoryLevel1"":""northamerica"",""listingType"":""free-listing"",""location"":{""address"":""8583 Irvine Center Dr #180, Irvine, CA 92618, USA"",""building"":""""},""metalid"":[""aluminum-aisi10mg"",""titanium-ti-6al-4v"",""steel"",""stainless-steel-316l"",""maraging-steel"",""inconel-625"",""ni625""],""photopolymerid"":[""formlabs-flexible-resin-80a"",""formlabs-durable-resin""],""thermoplasticid"":[""photopolymer-rigid"",""petg"",""pei-ultem-9085-stratasys"",""pei-ultem-1010-stratasys"",""pc-or-pc-abs"",""pc"",""pa11-sls"",""pa-gf"",""pa-af"",""tpu-70-a-white"",""tpu-mjf"",""pa-12-bluesint"",""nylon-12-glass-bead-filled-gf"",""nylon-12-flame-retardant-fr"",""nylon-12-aluminum-filled-af"",""pa-12"",""nylon-12"",""formlabs-clear-resin"",""accura-25"",""absplus-stratasys"",""abs-m30i"",""abs-like-black""],""transactionProcessAlias"":""default-inquiry/release-1"",""unitType"":""inquiry""}",{},
689fc8b9-d7f4-4fec-bcdd-e40ffedfd8b2,2025-08-15T23:54:33Z,Parts On Demand – Industrial 3D Printing & Digital Productio,,,689e48bb-b5fd-47a3-a809-a12d33e388cb,published,1,,"{""TechnologyID"": [""fdm"", ""sls"", ""mjf""], ""affiliatelinkid"": ""https://www.partsondemand.eu"", ""categoryLevel1"": ""europe"", ""listingType"": ""free-listing"", ""location"": {""address"": ""Schaverijstraat 9D, 3534 AS Utrecht, Netherlands"", ""building"": """"}, ""thermoplasticid"": [""tpu-mjf"", ""polypropylene-mjf"", ""pa11-sls"", ""pa-af"", ""pa-12"", ""nylon-pa-12-blue-metal"", ""nylon-pa-12"", ""nylon-12-mineral-filled-hst"", ""nylon-12-glass-bead-filled-gf"", ""nylon-12-flame-retardant-fr"", ""nylon-12-aluminum-filled-af"", ""nylon-12""], ""transactionProcessAlias"": ""default-inquiry/release-1"", ""unitType"": ""inquiry""}",{},
689fc6ee-f0b4-49a5-9c53-cdd37f1c5015,2025-08-15T23:46:54Z,Oceanz – Industrial 3D Printing Service,,,689e48bb-b5fd-47a3-a809-a12d33e388cb,published,1,,"{""TechnologyID"": [""material-jetting"", ""sls"", ""slm"", ""dlp"", ""fdm"", ""sla"", ""mjf""], ""affiliatelinkid"": ""https://www.oceanz.eu"", ""categoryLevel1"": ""europe"", ""listingType"": ""free-listing"", ""location"": {""address"": ""Maxwellstraat 21, 6716 BX Ede, Netherlands"", ""building"": """"}, ""metalid"": [""aluminum-aisi10mg"", ""titanium-ti-6al-4v"", ""steel"", ""stainless-steel-316l""], ""photopolymerid"": [""formlabs-flexible-resin-80a"", ""formlabs-durable-resin""], ""thermoplasticid"": [""tpu-mjf"", ""polypropylene-mjf"", ""photopolymer-rigid"", ""petg"", ""pei-ultem-1010-stratasys"", ""pc"", ""pa11-sls"", ""pa-gf"", ""pa-12-bluesint"", ""nylon-pa-12-blue-metal"", ""nylon-12-mineral-filled-hst"", ""nylon-12-glass-bead-filled-gf"", ""nylon-12-flame-retardant-fr"", ""nylon-12-aluminum-filled-af"", ""formlabs-clear-resin"", ""abs-like-black"", ""nylon-12"", ""abs-m30-stratasys""], ""transactionProcessAlias"": ""default-inquiry/release-1"", ""unitType"": ""inquiry""}",{},
689fc306-bf59-4235-8e6f-139ad6ed2f66,2025-08-15T23:30:14Z,MX3D – Robotic WAAM Metal 3D Printing Solutions,,,689e48bb-b5fd-47a3-a809-a12d33e388cb,published,1,,"{""TechnologyID"": [""ded""], ""affiliatelinkid"": ""https://mx3d.com"", ""categoryLevel1"": ""europe"", ""listingType"": ""free-listing"", ""location"": {""address"": ""Dynamostraat 46, 1014 BK Amsterdam, Netherlands"", ""building"": """"}, ""metalid"": [""titanium-ti-6al-4v"", ""steel"", ""stainless-steel-316l"", ""inconel-625"", ""gold-plated-brass"", ""maraging-steel"", ""aluminum-aisi10mg"", ""inconel-718""], ""transactionProcessAlias"": ""default-inquiry/release-1"", ""unitType"": ""inquiry""}",{},
689fc074-5097-4d59-ac1f-081c116e6706,2025-08-15T23:19:16Z,Treatstock – On-Demand Manufacturing Platform & Marketplace,,,689e48bb-b5fd-47a3-a809-a12d33e388cb,published,1,,"{""TechnologyID"":[""fdm"",""material-jetting"",""mjf"",""sla"",""sls"",""slm"",""dlp"",""dmls""],""affiliatelinkid"":""https://www.treatstock.com"",""categoryLevel1"":""northamerica"",""listingType"":""free-listing"",""location"":{""address"":""40 E Main St suite 900, Newark, DE 19711, USA"",""building"":""""},""metalid"":[""aluminum-aisi10mg"",""titanium-ti-6al-4v"",""steel"",""stainless-steel-316l"",""maraging-steel"",""inconel-718""],""thermoplasticid"":[""tpu-mjf"",""photopolymer-rigid"",""petg"",""pei-ultem-9085-stratasys"",""pei-ultem-1010-stratasys"",""pc-or-pc-abs"",""pc"",""pa11-sls"",""pa-gf"",""pa-af"",""polypropylene-mjf"",""pa-12"",""nylon-pa-12-blue-metal"",""nylon-pa-12"",""nylon-12-mineral-filled-hst"",""nylon-12-glass-bead-filled-gf"",""nylon-12-flame-retardant-fr"",""nylon-12-aluminum-filled-af"",""nylon-12"",""absplus-stratasys"",""abs-like-black"",""abs-m30-stratasys""],""transactionProcessAlias"":""default-inquiry/release-1"",""unitType"":""inquiry""}",{},
689fbd84-8a6e-40d7-ae99-8aad7a735213,2025-08-15T23:06:44Z,Prototal Industries – Industrial 3D Printing - Sweden,,,689e48bb-b5fd-47a3-a809-a12d33e388cb,published,1,,"{""TechnologyID"":[""fdm"",""material-jetting"",""mjf"",""sla"",""sls"",""slm"",""dlp""],""affiliatelinkid"":""https://prototalindustries.com"",""categoryLevel1"":""europe"",""listingType"":""free-listing"",""location"":{""address"":""Instrumentvägen 6, 553 02 Jönköping, Sweden"",""building"":""""},""photopolymerid"":[""formlabs-durable-resin""],""thermoplasticid"":[""polypropylene-mjf"",""photopolymer-rigid"",""petg"",""pc-or-pc-abs"",""pc"",""pa11-sls"",""pa-gf"",""pa-af"",""pa-12-bluesint"",""nylon-pa-12-blue-metal"",""nylon-pa-12"",""nylon-12-mineral-filled-hst"",""nylon-12-glass-bead-filled-gf"",""nylon-12"",""nylon-12-flame-retardant-fr"",""nylon-12-aluminum-filled-af"",""formlabs-clear-resin"",""abs-m30i"",""abs-like-black"",""abs-m30-stratasys""],""transactionProcessAlias"":""default-inquiry/release-1"",""unitType"":""inquiry""}",{},
689f90f4-bdee-4302-8bcc-db64ca08637b,2025-08-15T19:56:36Z,Weerg – 3D Printing & CNC Machining On-Demand Manufacturing,,,689e48bb-b5fd-47a3-a809-a12d33e388cb,published,1,,"{""TechnologyID"": [""mjf"", ""sla"", ""sls"", ""dlp"", ""fdm""], ""affiliatelinkid"": ""https://www.weerg.com"", ""categoryLevel1"": ""europe"", ""listingType"": ""free-listing"", ""location"": {""address"": ""Via Campocroce, 14, 30037 Scorzè VE, Italy"", ""building"": """"}, ""metalid"": [""titanium-ti-6al-4v"", ""stainless-steel-316l"", ""aluminum-aisi10mg""], ""photopolymerid"": [""formlabs-flexible-resin-80a"", ""formlabs-durable-resin""], ""thermoplasticid"": [""tpu-mjf"", ""polypropylene-mjf"", ""petg"", ""pei-ultem-9085-stratasys"", ""pei-ultem-1010-stratasys"", ""pc-or-pc-abs"", ""pc"", ""pa11-sls"", ""pa-gf"", ""pa-af"", ""pa-12"", ""nylon-pa-12"", ""nylon-12-mineral-filled-hst"", ""nylon-12-glass-bead-filled-gf"", ""nylon-12-flame-retardant-fr"", ""nylon-12"", ""nylon-12-aluminum-filled-af"", ""formlabs-clear-resin"", ""abs-m30i"", ""abs-like-black"", ""abs-m30-stratasys"", ""abs-white"", ""duraform-pa-nylon-12"", ""absplus-stratasys""], ""transactionProcessAlias"": ""default-inquiry/release-1"", ""unitType"": ""inquiry""}",{},
689f85ac-6b71-41ba-81c0-bc0d434f02d4,2025-08-15T19:08:28Z,Sculpteo – On-Demand 3D Printing & Digital Manufacturing,,,689e48bb-b5fd-47a3-a809-a12d33e388cb,published,1,,"{""TechnologyID"":[""sls"",""slm"",""dlp"",""dmp"",""fdm"",""material-jetting"",""mjf"",""dmls""],""affiliatelinkid"":""https://www.sculpteo.com"",""categoryLevel1"":""europe"",""listingType"":""free-listing"",""location"":{""address"":""10 Rue Auguste Perret, 94800 Villejuif, France"",""building"":""""},""metalid"":[""aluminum-aisi10mg"",""titanium-ti-6al-4v"",""steel"",""stainless-steel-316l""],""photopolymerid"":[""formlabs-flexible-resin-80a"",""formlabs-durable-resin"",""digital-clear-translucent""],""thermoplasticid"":[""tpu-mjf"",""polypropylene-mjf"",""photopolymer-rigid"",""petg"",""pa11-sls"",""pa-gf"",""pa-af"",""pa-12"",""nylon-pa-12-blue-metal"",""nylon-pa-12"",""nylon-12-mineral-filled-hst"",""nylon-12-glass-bead-filled-gf"",""nylon-12-flame-retardant-fr"",""nylon-12-aluminum-filled-af"",""nylon-12"",""formlabs-clear-resin"",""absplus-stratasys"",""abs-like-black""],""transactionProcessAlias"":""default-inquiry/release-1"",""unitType"":""inquiry""}",{},
689f8360-d35e-4863-9e38-c5d49c876774,2025-08-15T18:58:40Z,Fathom Manufacturing – Advanced 3D Printing & On-Demand Manu,,,689e48bb-b5fd-47a3-a809-a12d33e388cb,published,1,,"{""TechnologyID"": [""cdlp"", ""dmls"", ""fdm"", ""material-jetting"", ""mjf"", ""sla"", ""slm"", ""sls""], ""affiliatelinkid"": ""https://fathommfg.com"", ""categoryLevel1"": ""northamerica"", ""listingType"": ""free-listing"", ""location"": {""address"": ""1050 Walnut Ridge Dr, Hartland, WI 53029, USA"", ""building"": """"}, ""metalid"": [""aluminum-aisi10mg"", ""titanium-ti-6al-4v"", ""stainless-steel-316l"", ""maraging-steel""], ""photopolymerid"": [""formlabs-flexible-resin-80a"", ""formlabs-durable-resin""], ""thermoplasticid"": [""tpu-mjf"", ""pp-natural"", ""polypropylene-mjf"", ""photopolymer-rigid"", ""petg"", ""pei-ultem-9085-stratasys"", ""pei-ultem-1010-stratasys"", ""pc-or-pc-abs"", ""pc"", ""pa11-sls"", ""pa-gf"", ""pa-12-carbon-filled"", ""pa-12-bluesint"", ""pa-12"", ""nylon-pa-12-blue-metal"", ""nylon-pa-12"", ""nylon-12-mineral-filled-hst"", ""absplus-stratasys"", ""abs-m30i"", ""abs-like-black"", ""abs-m30-stratasys""], ""transactionProcessAlias"": ""default-inquiry/release-1"", ""unitType"": ""inquiry""}",{},
689f80f4-4557-4bec-90c0-23f215d8d8bc,2025-08-15T18:48:20Z,i.materialise – Online 3D Printing Service,,,689e48bb-b5fd-47a3-a809-a12d33e388cb,published,1,,"{""TechnologyID"":[""dmls"",""fdm"",""material-jetting"",""mjf"",""sla"",""sls"",""slm"",""dlp"",""dmp""],""affiliatelinkid"":""https://i.materialise.com"",""categoryLevel1"":""europe"",""listingType"":""free-listing"",""location"":{""address"":""Technologielaan 15, 3001 Leuven, Belgium"",""building"":""""},""metalid"":[""titanium-ti-6al-4v"",""steel"",""stainless-steel-316l"",""aluminum-aisi10mg"",""maraging-steel"",""ni625""],""photopolymerid"":[""formlabs-durable-resin"",""formlabs-flexible-resin-80a""],""thermoplasticid"":[""tpu-mjf"",""photopolymer-rigid"",""polypropylene-mjf"",""pei-ultem-9085-stratasys"",""pei-ultem-1010-stratasys"",""pc-or-pc-abs"",""pc"",""pa11-sls"",""pa-gf"",""pa-12"",""nylon-pa-12"",""nylon-12-mineral-filled-hst"",""nylon-12-glass-bead-filled-gf"",""nylon-12-flame-retardant-fr"",""nylon-12-aluminum-filled-af"",""formlabs-clear-resin"",""abs-m30i"",""abs-like-black"",""abs-m30-stratasys"",""absplus-stratasys""],""transactionProcessAlias"":""default-inquiry/release-1"",""unitType"":""inquiry""}",{},
689f7c81-7323-4e01-bbd3-6afbfc4a1def,2025-08-15T18:29:21Z,JLC3DP – Online 3D Printing Service,,,689e48bb-b5fd-47a3-a809-a12d33e388cb,published,1,,"{""TechnologyID"": [""fdm"", ""material-jetting"", ""mjf"", ""sla"", ""slm"", ""sls""], ""affiliatelinkid"": ""https://jlc3dp.com"", ""categoryLevel1"": ""asia"", ""categoryLevel2"": ""southamerica"", ""listingType"": ""free-listing"", ""location"": {""address"": ""Zhuhai, Guangdong Province, China"", ""building"": """"}, ""metalid"": [""aluminum-aisi10mg"", ""titanium-ti-6al-4v"", ""steel"", ""stainless-steel-316l"", ""inconel-625"", ""ni625""], ""thermoplasticid"": [""petg"", ""pei-ultem-9085-stratasys"", ""pa11-sls"", ""pa-gf"", ""pa-af"", ""pa-12-bluesint"", ""pa-12"", ""nylon-pa-12-blue-metal"", ""nylon-pa-12"", ""nylon-12-mineral-filled-hst"", ""nylon-12-glass-bead-filled-gf"", ""nylon-12-flame-retardant-fr"", ""nylon-12-aluminum-filled-af"", ""tpu-70-a-white"", ""pp-natural"", ""tpu-mjf"", ""polypropylene-mjf"", ""pc"", ""photopolymer-rigid"", ""pei-ultem-1010-stratasys"", ""nylon-12"", ""formlabs-clear-resin"", ""absplus-stratasys"", ""abs-m30i"", ""abs-like-black"", ""abs-m30-stratasys""], ""transactionProcessAlias"": ""default-inquiry/release-1"", ""unitType"": ""inquiry""}",{},
689f7a70-8e34-4dd7-acb0-d9622c1a2193,2025-08-15T18:20:32Z,MakerVerse – On-Demand Digital Manufacturing Platform,,,689e48bb-b5fd-47a3-a809-a12d33e388cb,published,1,,"{""TechnologyID"":[""fdm"",""mjf"",""sla"",""sls"",""slm"",""dlp""],""affiliatelinkid"":""https://www.makerverse.com"",""categoryLevel1"":""europe"",""listingType"":""free-listing"",""location"":{""address"":""Greifswalder Str. 155, 10409 Berlin, Germany"",""building"":""""},""metalid"":[""aluminum-aisi10mg"",""steel"",""stainless-steel-316l"",""inconel-625""],""thermoplasticid"":[""tpu-mjf"",""polypropylene-mjf"",""photopolymer-rigid"",""petg"",""pei-ultem-9085-stratasys"",""pc"",""pa11-sls"",""pa-gf"",""pa-af"",""pa-12-bluesint"",""pa-12"",""nylon-pa-12-blue-metal"",""nylon-pa-12"",""pei-ultem-1010-stratasys"",""pc-or-pc-abs"",""nylon-12-glass-bead-filled-gf"",""nylon-12-flame-retardant-fr"",""nylon-12-aluminum-filled-af"",""nylon-12"",""formlabs-clear-resin"",""absplus-stratasys"",""abs-m30i"",""abs-like-black"",""nylon-12-mineral-filled-hst"",""abs-m30-stratasys""],""transactionProcessAlias"":""default-inquiry/release-1"",""unitType"":""inquiry""}",{},
689f786f-6f06-4077-9c8d-faa7fde74395,2025-08-15T18:11:59Z,Replique – On-Demand 3D Printing Material Hub & Manufacturin,,,689e48bb-b5fd-47a3-a809-a12d33e388cb,published,1,,"{""TechnologyID"":[""fdm"",""material-jetting"",""mjf"",""sla"",""sls"",""slm""],""affiliatelinkid"":""https://replique.io/"",""categoryLevel1"":""europe"",""listingType"":""free-listing"",""location"":{""address"":""Julius-Hatry-Straße 1, 68163 Mannheim, Germany"",""building"":""""},""metalid"":[""aluminum-aisi10mg"",""titanium-ti-6al-4v"",""steel"",""stainless-steel-316l""],""thermoplasticid"":[""tpu-mjf"",""photopolymer-rigid"",""petg"",""pei-ultem-9085-stratasys"",""pei-ultem-1010-stratasys"",""pc-or-pc-abs"",""pc"",""polypropylene-mjf"",""pa11-sls"",""pa-gf"",""pa-12"",""nylon-pa-12"",""nylon-12-mineral-filled-hst"",""nylon-12-glass-bead-filled-gf"",""nylon-12"",""formlabs-clear-resin"",""absplus-stratasys""],""transactionProcessAlias"":""default-inquiry/release-1"",""unitType"":""inquiry""}",{},
689f6fc5-19f5-4369-812a-7f79879a3fff,2025-08-15T17:35:01Z,K3D – Masters in 3D Metal Printing,,,689e48bb-b5fd-47a3-a809-a12d33e388cb,published,1,,"{""TechnologyID"":[""dmp"",""dmls"",""slm""],""affiliatelinkid"":""https://k3d.nl/en/"",""categoryLevel1"":""europe"",""listingType"":""free-listing"",""location"":{""address"":""Varsseveldseweg 20A, 7061 GA Terborg, Netherlands"",""building"":""""},""metalid"":[""aluminum-aisi10mg"",""titanium-ti-6al-4v"",""steel"",""stainless-steel-316l"",""inconel-625"",""ni625"",""inconel-718"",""maraging-steel""],""transactionProcessAlias"":""default-inquiry/release-1"",""unitType"":""inquiry""}",{},
689f4ae4-f6e6-4235-aab3-128d893174f1,2025-08-15T14:57:40Z,PROTIQ – Digital Manufacturing Marketplace & 3D Printing Sol,,,689e48bb-b5fd-47a3-a809-a12d33e388cb,published,1,,"{""TechnologyID"": [""dlp"", ""dmls"", ""fdm"", ""mjf"", ""sla"", ""sls""], ""affiliatelinkid"": ""https://www.protiq.com/"", ""categoryLevel1"": ""europe"", ""listingType"": ""free-listing"", ""location"": {""address"": ""Flachsmarktstraße 54, 32825 Blomberg, Germany"", ""building"": """"}, ""metalid"": [""aluminum-aisi10mg"", ""titanium-ti-6al-4v"", ""steel"", ""stainless-steel-316l""], ""thermoplasticid"": [""pp-natural"", ""photopolymer-rigid"", ""pa-gf"", ""pa-12-carbon-filled"", ""nylon-12"", ""nylon-pa-12""], ""transactionProcessAlias"": ""default-inquiry/release-1"", ""unitType"": ""inquiry""}",{},
689f47cb-4c39-4a73-87ce-d98340d82004,2025-08-15T14:44:27Z,RapidMade – 3D Printing & Digital Manufacturing Services,,,689e48bb-b5fd-47a3-a809-a12d33e388cb,published,1,,"{""TechnologyID"":[""fdm"",""sls"",""dlp"",""dmls"",""mjf"",""sla""],""affiliatelinkid"":""https://rapidmade.com/"",""categoryLevel1"":""northamerica"",""listingType"":""free-listing"",""location"":{""address"":""12141 SW Herman Rd, Tualatin, OR 97062, USA"",""building"":""""},""metalid"":[""aluminum-aisi10mg"",""titanium-ti-6al-4v"",""steel"",""stainless-steel-316l"",""stainless-steel-17-4ph"",""inconel-718"",""inconel-625"",""gold-plated-brass"",""bronze"",""maraging-steel"",""ni625""],""thermoplasticid"":[""tpu-mjf"",""pp-natural"",""polypropylene-mjf"",""photopolymer-rigid"",""pc-or-pc-abs"",""pa11-sls"",""pa-gf"",""pa-af"",""pa-12"",""nylon-pa-12-blue-metal"",""nylon-pa-12"",""nylon-12-mineral-filled-hst"",""formlabs-clear-resin"",""accura-25"",""absplus-stratasys"",""abs-m30i"",""nylon-12-glass-bead-filled-gf"",""nylon-12"",""nylon-12-aluminum-filled-af"",""abs-like-black"",""abs-m30-stratasys"",""abs-white"",""duraform-pa-nylon-12"",""duraform-gf-glass-filled-nylon"",""duraform-hst"",""duraform-ex"",""duraform-tpu"",""hips"",""standardpla""],""transactionProcessAlias"":""default-inquiry/release-1"",""unitType"":""inquiry""}",{},
689f4318-7a58-430d-b76b-dc311d2bbff5,2025-08-15T14:24:24Z,Machinified – Additive Manufacturing & Digital Production Pl,,,689e48bb-b5fd-47a3-a809-a12d33e388cb,published,1,,"{""TechnologyID"": [""dmp"", ""sla"", ""sls""], ""affiliatelinkid"": ""https://www.machinified.com/"", ""categoryLevel1"": ""europe"", ""listingType"": ""free-listing"", ""location"": {""address"": ""Ambachtenlaan 16, 3001 Leuven, Belgium"", ""building"": """"}, ""metalid"": [""aluminum-aisi10mg"", ""titanium-ti-6al-4v"", ""steel"", ""stainless-steel-316l"", ""maraging-steel""], ""thermoplasticid"": [""tpu-mjf"", ""pp-natural"", ""polypropylene-mjf"", ""pa-gf"", ""pa-af"", ""pa-12-bluesint"", ""nylon-12-mineral-filled-hst"", ""nylon-12-glass-bead-filled-gf"", ""nylon-12-aluminum-filled-af""], ""transactionProcessAlias"": ""default-inquiry/release-1"", ""unitType"": ""inquiry""}",{},
689f3e94-0992-4da9-86d7-e021d5ba3124,2025-08-15T14:05:08Z,3D Explorer – MJF 3D Printing Service,,,689e48bb-b5fd-47a3-a809-a12d33e388cb,published,1,,"{""TechnologyID"":[""mjf""],""affiliatelinkid"":""https://3dexplorer.com.au/"",""categoryLevel1"":""asia"",""categoryLevel2"":""southamerica"",""listingType"":""free-listing"",""location"":{""address"":""Sydney NSW, Australia"",""building"":""""},""thermoplasticid"":[""pa11-sls"",""pa-12-carbon-filled"",""pa-12"",""nylon-pa-12"",""nylon-12""],""transactionProcessAlias"":""default-inquiry/release-1"",""unitType"":""inquiry""}",{},
689e7d05-21f2-4dce-8864-9e85dacc4cd1,2025-08-15T00:19:17Z,Fictiv – Digital Manufacturing Platform & Custom Parts,,,689e48bb-b5fd-47a3-a809-a12d33e388cb,published,1,,"{""TechnologyID"": [""dlp"", ""dmls"", ""fdm"", ""material-jetting"", ""mjf"", ""sla"", ""sls""], ""affiliatelinkid"": ""https://www.fictiv.com/production"", ""categoryLevel1"": ""northamerica"", ""listingType"": ""free-listing"", ""location"": {""address"": ""1611 Telegraph Ave, Oakland, CA 94612, USA"", ""building"": """"}, ""metalid"": [], ""thermoplasticid"": [""tpu-mjf"", ""petg"", ""pei-ultem-9085-stratasys"", ""pei-ultem-1010-stratasys"", ""pc-or-pc-abs"", ""pc"", ""pa11-sls"", ""pa-gf"", ""pa-af"", ""pa-12-carbon-filled"", ""pa-12-bluesint"", ""pa-12"", ""polypropylene-mjf"", ""nylon-pa-12"", ""nylon-12-mineral-filled-hst"", ""nylon-12""], ""transactionProcessAlias"": ""default-inquiry/release-1"", ""unitType"": ""inquiry""}",{},
689e7a99-1ea0-4ddf-9810-99183837a700,2025-08-15T00:08:57Z,EasyPartz – Online CNC Machining & Industrial Manufacturing,,,689e48bb-b5fd-47a3-a809-a12d33e388cb,published,1,,"{""TechnologyID"":[""sls""],""affiliatelinkid"":""https://www.easypartz.com"",""categoryLevel1"":""europe"",""listingType"":""free-listing"",""location"":{""address"":""Maskinvej 5, 2860 Søborg, Denmark"",""building"":""""},""metalid"":[""aluminum-aisi10mg"",""titanium-ti-6al-4v"",""steel"",""stainless-steel-316l""],""thermoplasticid"":[""polypropylene-mjf"",""pa-gf"",""pei-ultem-9085-stratasys"",""pc"",""pa11-sls"",""photopolymer-rigid""],""transactionProcessAlias"":""default-inquiry/release-1"",""unitType"":""inquiry""}",{},
689e7858-9f88-4df1-8890-934041e4223e,2025-08-14T23:59:20Z,3DPRINTUK,,,689e48bb-b5fd-47a3-a809-a12d33e388cb,published,1,,"{""TechnologyID"":[""mjf"",""sls"",""saf""],""affiliatelinkid"":""https://www.3dprint-uk.co.uk"",""categoryLevel1"":""europe"",""listingType"":""free-listing"",""location"":{""address"":""Leyton Industrial Village, Argall Ave, London E10 7QP, UK"",""building"":""Unit D9""},""thermoplasticid"":[""sls_pa12_pa2200"",""mjf_pa12"",""sls_flexible_tpu"",""saf_pa11_eco""],""transactionProcessAlias"":""default-inquiry/release-1"",""unitType"":""inquiry""}",{},
689e71e7-ff52-4488-9d3e-13435ed66130,2025-08-14T23:31:51Z,3D People UK,,,689e48bb-b5fd-47a3-a809-a12d33e388cb,published,1,,"{""TechnologyID"":[""mjf"",""sls""],""affiliatelinkid"":""https://www.3dpeople.uk"",""categoryLevel1"":""europe"",""listingType"":""free-listing"",""location"":{""address"":""82-100 Nathan Way, London SE28 0FS, UK"",""building"":""Unit 18-19 Nathan Way Business Park""},""thermoplasticid"":[""sls_pa12_pa2200"",""mjf_pa12"",""ultrasint_tpu01_mjf""],""transactionProcessAlias"":""default-inquiry/release-1"",""unitType"":""inquiry""}",{},
